CGPA,Aptitude_Score,Coding_Score,Communication_Score,Technical_Score,Resume_Score,Interview_Score,Study_Hours,Mock_Test_Accuracy,Company_Target,Placement_Status
8.2,54,50,62,62,71,46,11,87,Accenture,0
5.16,37,46,42,47,50,38,15,53,Accenture,0
7.95,63,63,50,50,71,50,10,88,TCS,0
6.9,68,64,58,71,65,80,32,94,TCS,0
7.76,94,82,76,78,93,91,50,79,TCS,1
9.28,58,66,56,60,57,54,16,64,Capgemini,0
8.24,80,94,76,84,100,88,48,80,Cognizant,1
6.1,72,53,72,73,67,53,30,93,Cognizant,0
9.38,75,68,79,71,68,63,30,53,Cognizant,0
7.69,89,78,72,91,84,69,47,67,TCS,1
9.31,61,73,68,66,73,65,19,80,Wipro,0
9.86,68,69,62,59,70,51,10,83,Accenture,0
5.79,55,41,45,41,61,55,10,86,Wipro,0
9.21,80,82,75,95,99,94,42,78,Cognizant,1
6.62,53,56,50,40,36,51,11,47,TCS,0
5.43,64,80,77,65,74,71,41,92,Wipro,1
7.64,91,95,86,86,90,77,48,67,Capgemini,1
8.25,83,71,73,79,87,73,38,97,Infosys,1
5.04,63,80,75,60,64,70,50,43,Infosys,0
7.7,82,91,87,76,75,78,46,76,Accenture,1
7.06,58,59,41,59,65,42,13,83,Infosys,0
5.95,62,57,55,72,64,70,38,48,Cognizant,0
5.49,66,63,79,70,75,72,44,93,Deloitte,0
7.01,46,62,40,54,49,44,13,50,Capgemini,0
9.98,96,81,84,100,96,90,45,82,Capgemini,1
6.57,51,64,50,43,54,58,13,77,TCS,0
7.98,57,76,56,66,70,60,25,65,Cognizant,0
7.83,70,80,67,70,68,76,30,99,Accenture,0
6.58,44,60,55,36,40,37,14,40,Wipro,0
9.4,65,68,68,66,84,75,25,63,Cognizant,0
5.04,76,56,74,63,80,71,45,59,Infosys,0
6.36,78,65,75,69,76,82,48,53,Deloitte,0
5.25,80,60,67,67,88,63,50,67,Accenture,0
7.76,65,62,82,83,79,81,37,75,Cognizant,0
7.76,61,66,78,79,61,64,37,48,Capgemini,0
6.25,55,61,45,52,44,58,16,62,Deloitte,0
5.81,57,49,67,64,59,60,21,96,Capgemini,0
9.05,73,56,74,74,63,73,27,50,Accenture,0
6.75,47,47,50,64,71,48,24,54,Capgemini,0
7.55,86,66,86,71,91,69,44,61,TCS,1
7.98,80,72,84,67,87,64,32,86,TCS,1
8.54,65,57,59,61,63,50,10,73,TCS,0
9.74,75,90,82,75,77,74,31,79,Accenture,1
8.49,73,84,74,84,73,78,45,48,Accenture,0
7.74,46,48,50,53,52,46,10,59,Infosys,0
7.56,54,63,63,59,73,66,20,82,Capgemini,0
6.55,44,45,50,60,45,48,22,49,Capgemini,0
7.88,70,62,75,80,84,80,34,71,Deloitte,0
7.13,72,64,49,58,74,59,21,91,Deloitte,0
7.32,80,92,85,80,86,76,43,75,Deloitte,1
9.53,81,98,84,92,98,79,38,97,Deloitte,1
7.61,76,68,73,76,79,79,50,55,Infosys,0
5.75,60,58,62,63,68,53,34,84,Deloitte,0
7.1,89,96,90,83,76,79,47,100,Deloitte,1
6.95,76,72,71,65,66,67,36,74,TCS,1
6.94,66,71,61,75,63,67,35,86,Cognizant,0
8.31,60,72,50,56,59,57,15,81,Wipro,0
8.81,78,83,65,65,64,72,34,57,Wipro,1
6.12,62,39,39,48,64,54,14,89,Infosys,0
5.63,60,50,42,48,56,60,17,76,Capgemini,0
5.57,42,35,42,53,64,44,20,59,Capgemini,0
5.99,84,70,80,74,85,83,47,84,Deloitte,0
9.92,62,66,48,64,51,57,12,62,Accenture,0
5.53,72,63,53,58,67,65,33,80,Cognizant,0
9.04,88,87,92,84,100,94,44,89,TCS,1
6.39,71,69,68,63,69,60,38,55,Accenture,0
6.06,52,60,64,58,60,47,26,61,Infosys,0
8.6,87,87,83,82,92,69,41,75,Infosys,1
7.02,63,55,58,56,74,58,25,59,Wipro,0
8.51,62,56,57,59,70,71,27,59,Infosys,0
5.96,71,81,65,62,59,57,40,57,Infosys,0
6.8,62,47,44,49,55,67,29,40,Capgemini,0
9.34,86,81,76,78,73,65,41,46,Deloitte,0
7.39,53,56,55,46,64,62,14,65,TCS,0
9.97,73,71,73,62,71,64,17,75,Accenture,0
6.49,73,80,77,81,90,67,47,67,Infosys,1
6.32,42,48,36,45,54,44,15,50,TCS,0
6.16,71,50,54,59,73,63,28,84,Deloitte,0
9.67,78,82,85,84,69,66,37,47,Wipro,1
7.98,84,77,90,92,100,85,46,98,Accenture,1
7.19,83,82,75,66,71,77,48,42,Deloitte,0
7.88,61,51,43,63,59,59,11,88,Wipro,0
5.91,77,74,61,71,72,76,47,67,Deloitte,0
5.8,68,73,63,74,59,56,36,84,Wipro,0
6.62,73,88,74,74,73,63,35,95,Wipro,1
8.11,80,67,72,73,78,88,41,80,Accenture,0
5.61,84,84,70,68,78,68,50,78,Deloitte,0
9.56,81,99,86,93,92,81,39,100,Deloitte,1
7.41,71,61,62,74,81,61,40,55,TCS,0
6.38,75,66,72,62,63,66,36,61,Capgemini,0
7.45,59,53,57,59,59,51,19,68,Infosys,0
9.9,72,85,70,71,76,82,25,76,Accenture,0
6.93,66,45,66,53,49,63,19,71,TCS,0
7.63,74,67,71,62,71,78,39,40,Wipro,0
8.12,68,71,78,77,90,77,35,81,Deloitte,0
7.44,75,65,75,69,69,60,44,42,TCS,0
8.8,54,55,47,58,53,55,16,68,Accenture,0
5.73,71,79,59,62,82,71,43,66,Infosys,0
7.49,72,81,73,80,89,73,47,49,Wipro,1
8.39,57,53,58,61,58,49,20,44,Deloitte,0
6.51,71,64,71,73,86,64,34,94,Deloitte,0
8.29,64,68,66,53,67,60,27,40,Wipro,0
8.88,76,61,60,65,79,74,24,78,Capgemini,0
9.19,94,90,78,84,90,89,50,46,TCS,1
9.55,77,70,84,87,78,77,30,87,Wipro,1
9.15,83,76,82,81,75,64,26,98,TCS,1
5.7,64,66,55,67,64,48,24,95,Accenture,0
5.07,63,70,66,66,75,73,44,47,TCS,0
8.37,76,86,66,75,79,74,40,41,Accenture,0
9.55,75,66,86,73,79,65,29,81,Cognizant,0
5.68,69,73,75,64,75,55,39,63,Accenture,0
8.27,79,95,67,79,82,90,41,79,Deloitte,0
6.81,76,72,54,63,82,77,33,74,Deloitte,0
7.27,66,77,49,60,78,68,23,81,Infosys,0
5.34,69,77,58,73,77,67,45,53,Wipro,1
9.29,62,70,49,69,55,55,19,48,Deloitte,0
6.19,50,43,60,57,65,53,30,41,Deloitte,0
6.81,73,65,74,78,86,75,47,46,Wipro,1
7.29,56,56,42,38,54,42,11,43,TCS,0
6.61,42,54,50,54,49,50,19,44,Wipro,0
7.27,72,86,87,83,90,83,48,67,Infosys,1
7.15,57,59,56,52,61,62,24,66,Wipro,0
9.77,71,67,75,84,79,68,40,44,TCS,1
7.93,79,71,76,86,91,89,45,75,Capgemini,1
5.26,55,47,56,52,61,65,28,78,Wipro,0
9.23,77,74,77,79,87,78,33,47,Cognizant,1
8.37,79,82,80,68,74,81,45,41,Wipro,1
6.76,55,67,49,67,77,50,21,95,Cognizant,0
6.08,63,63,69,72,71,54,36,69,TCS,0
5.78,74,64,72,70,71,62,49,43,Deloitte,0
7.56,61,74,69,69,66,59,32,67,Cognizant,0
5.27,60,59,55,47,44,48,23,59,Accenture,0
5.88,69,65,71,71,57,72,34,74,TCS,0
7.18,71,73,75,77,85,71,39,98,Accenture,0
5.1,60,57,60,62,46,60,30,50,Infosys,0
7.18,62,82,74,65,80,58,35,73,Capgemini,0
5.57,74,61,69,72,76,57,42,52,Infosys,0
6.28,50,65,44,66,63,54,21,78,Cognizant,0
8.8,90,84,83,84,93,82,38,83,Infosys,1
7.2,77,83,74,71,66,70,40,68,TCS,1
5.28,55,66,39,54,51,51,28,44,Deloitte,0
8.69,66,60,47,60,60,66,12,68,Accenture,0
5.52,55,68,49,68,78,61,31,85,Cognizant,0
5.79,64,66,62,71,78,70,33,98,TCS,0
6.65,76,71,85,88,84,67,45,83,TCS,1
7.91,63,80,68,64,71,74,19,98,Wipro,1
7.79,66,80,83,84,87,61,31,92,Capgemini,1
7.12,60,53,53,72,65,53,33,41,Infosys,0
5.77,70,64,62,69,67,65,28,94,Deloitte,0
8.09,76,73,85,86,96,86,48,64,TCS,1
7.05,64,69,66,56,57,70,25,68,Deloitte,0
7.35,63,61,55,64,69,57,22,63,Accenture,0
9.83,77,86,61,74,74,83,22,91,Capgemini,1
9.23,53,51,58,62,72,49,17,58,Infosys,0
9.08,72,68,79,76,96,76,32,99,TCS,1
6.59,62,52,46,48,70,54,16,93,Deloitte,0
5.69,70,80,53,62,62,76,40,68,Cognizant,0
7.64,57,55,48,60,71,58,17,89,TCS,0
9.18,85,89,84,89,82,70,41,78,Wipro,1
6.2,67,51,73,55,66,61,36,51,Cognizant,0
7.77,76,81,86,72,67,81,34,95,Wipro,1
6.21,79,81,67,64,77,79,50,46,Infosys,1
9.15,84,75,72,88,98,70,39,84,Infosys,1
5.22,48,70,55,67,61,49,22,96,Deloitte,0
8.23,74,54,69,63,77,63,28,62,Accenture,0
8.72,83,74,71,82,77,79,34,61,Capgemini,1
7.12,83,64,66,65,71,66,37,78,Accenture,0
8.01,75,67,57,79,70,81,37,50,Wipro,1
8.2,55,49,49,56,45,37,13,44,Deloitte,0
8.04,63,63,72,68,84,56,38,42,Infosys,0
8.4,71,59,61,69,70,64,33,63,TCS,0
5.13,51,63,39,57,59,41,21,71,Cognizant,0
6.43,61,79,65,76,70,56,41,52,Capgemini,0
9.84,76,66,78,87,91,82,30,82,Capgemini,1
8.19,68,88,78,68,75,67,33,72,Cognizant,1
6.84,75,60,65,82,80,71,45,48,Deloitte,0
7.05,66,68,60,73,76,62,46,44,Deloitte,0
8.9,84,100,86,99,82,79,50,77,Infosys,1
6.52,62,45,62,54,51,41,20,60,Infosys,0
8.18,72,74,78,80,74,88,45,57,Infosys,1
5.86,87,74,87,70,91,66,49,86,Capgemini,1
8.86,66,74,72,63,84,71,26,81,Capgemini,0
9.78,88,87,74,73,73,78,40,55,Accenture,1
7.32,62,80,62,79,68,64,31,78,Deloitte,0
6.85,68,71,64,67,65,64,45,46,Accenture,0
9.32,86,89,82,85,85,66,36,55,Infosys,1
7.49,77,71,62,86,79,86,42,69,Infosys,0
7.92,46,53,56,54,47,35,13,43,TCS,0
7.15,63,63,52,57,70,60,26,86,Wipro,0
5.37,73,62,78,72,61,78,42,68,Accenture,0
6.87,76,74,57,67,69,53,31,75,Infosys,0
8.57,80,84,78,77,86,69,40,73,Cognizant,1
8.7,70,83,71,77,70,78,29,77,Wipro,1
6.66,55,62,56,57,44,50,17,66,Capgemini,0
8.91,82,74,85,88,96,92,47,76,Accenture,1
5.74,52,57,41,50,51,46,25,42,Infosys,0
7.05,86,97,90,91,89,86,49,98,Capgemini,1
7.39,77,67,67,69,75,75,34,60,Capgemini,0
8.22,69,83,61,65,83,79,26,79,Deloitte,0
6.45,65,55,54,69,70,52,23,84,TCS,0
7.87,87,76,73,84,73,65,44,64,Capgemini,1
5.4,63,67,58,68,81,70,38,81,Infosys,0
5.55,65,75,69,73,62,66,47,55,Capgemini,0
7.36,61,66,40,54,63,48,18,40,Capgemini,0
6.0,54,45,62,61,54,61,28,60,Deloitte,0
9.68,76,58,76,78,68,66,21,66,Capgemini,0
9.81,71,74,80,89,79,77,28,96,Capgemini,1
7.72,91,93,79,76,75,71,41,96,Accenture,1
8.24,62,66,56,62,52,64,21,40,Accenture,0
9.13,73,87,71,74,80,73,42,60,Wipro,1
6.92,71,70,75,77,72,69,38,88,Infosys,0
5.31,44,45,46,56,56,41,17,69,TCS,0
8.19,70,59,56,60,76,67,28,63,Accenture,0
8.51,84,88,74,78,92,90,40,88,TCS,1
7.63,79,94,69,88,94,71,43,85,Cognizant,1
5.75,66,54,55,67,58,63,30,94,Deloitte,0
5.28,48,51,48,53,47,35,18,72,Wipro,0
9.08,61,67,72,70,61,77,23,77,Accenture,0
5.16,65,67,69,62,60,69,36,51,Accenture,0
7.24,60,82,75,61,80,56,34,64,Cognizant,0
6.97,69,69,63,69,61,62,18,86,Accenture,0
7.66,60,50,50,68,69,46,24,55,Capgemini,0
7.1,42,36,34,50,55,34,11,55,Capgemini,0
5.22,62,69,66,54,76,52,38,54,Capgemini,0
7.88,89,93,74,91,98,81,46,78,Accenture,1
6.5,60,62,59,53,52,48,13,75,Wipro,0
9.71,84,89,79,80,78,82,34,90,Infosys,1
9.25,83,88,86,80,93,77,29,94,Infosys,1
6.94,55,46,55,56,62,64,26,53,TCS,0
6.34,70,66,84,81,86,69,48,78,Infosys,0
9.35,83,59,82,83,66,83,31,59,Accenture,0
9.57,87,100,92,99,93,92,48,85,Wipro,1
6.54,74,65,72,71,76,59,33,72,Infosys,0
6.85,65,56,53,59,77,64,36,42,Accenture,0
6.48,50,57,46,56,69,49,22,61,Deloitte,0
9.11,76,91,72,87,85,90,41,69,Cognizant,1
9.95,55,75,73,68,73,60,13,73,Deloitte,0
8.15,53,52,57,52,66,69,14,85,Accenture,0
8.3,50,47,35,54,53,42,11,40,Cognizant,0
9.07,92,74,92,84,80,84,37,91,Wipro,1
9.08,73,72,71,77,90,66,27,90,Capgemini,0
9.14,74,69,50,62,64,61,15,81,Capgemini,0
5.05,45,43,49,46,56,32,20,45,Cognizant,0
9.6,76,73,67,63,81,70,24,53,Wipro,1
9.5,81,100,84,100,95,95,46,82,Capgemini,1
9.1,52,51,65,57,71,52,14,59,Deloitte,0
8.7,66,56,48,55,53,61,15,72,Cognizant,0
9.77,81,88,89,83,80,83,35,89,Accenture,1
7.16,80,90,75,77,74,74,47,82,Accenture,1
8.56,88,78,71,74,81,78,50,49,Wipro,1
5.51,42,45,42,36,36,43,15,51,Cognizant,0
7.99,72,68,69,66,87,82,30,95,Infosys,0
7.86,61,53,56,63,55,59,20,83,Accenture,0
6.5,44,42,50,51,44,37,14,63,Wipro,0
5.03,67,56,66,59,61,65,35,61,Capgemini,0
9.87,62,79,55,61,79,74,18,59,Wipro,0
8.67,98,97,82,84,98,83,50,71,Cognizant,1
6.0,73,70,78,68,77,65,44,51,Wipro,1
9.16,73,75,68,59,63,57,14,92,Infosys,0
8.58,69,73,69,71,83,77,34,44,Accenture,0
7.72,81,75,75,65,83,75,33,84,Wipro,1
5.83,72,75,72,80,69,75,49,42,TCS,1
5.05,52,52,51,53,52,46,26,54,Deloitte,0
8.4,73,62,64,75,91,64,42,49,Capgemini,0
5.71,57,49,55,57,59,60,29,61,Wipro,0
5.34,53,34,42,41,59,57,12,91,Capgemini,0
6.22,49,58,65,51,56,46,21,75,Capgemini,0
8.29,74,80,65,67,59,59,35,41,Wipro,1
8.76,53,72,51,57,62,52,14,76,Deloitte,0
7.45,83,85,81,78,92,82,50,60,Deloitte,0
8.37,78,63,64,68,73,65,29,98,Capgemini,0
5.71,65,65,58,62,66,71,34,66,Infosys,0
7.77,68,69,71,66,74,60,41,58,Infosys,0
5.98,66,65,68,64,77,63,34,75,TCS,0
7.83,52,53,54,67,66,66,24,58,Accenture,0
7.75,52,68,65,57,70,45,17,76,Capgemini,0
7.21,52,70,64,56,75,56,23,67,Wipro,0
9.31,70,51,68,57,71,65,15,68,Deloitte,0
8.55,80,76,77,81,79,81,50,67,Wipro,1
7.98,69,53,59,68,62,67,20,60,Deloitte,0
5.48,61,63,71,74,63,58,36,98,Wipro,0
9.14,71,82,79,76,70,83,35,71,Deloitte,0
5.47,68,85,67,81,71,57,42,87,Deloitte,0
9.24,75,70,68,73,76,61,15,86,Accenture,0
9.12,77,74,79,73,91,85,41,57,Capgemini,1
8.81,56,64,39,62,47,50,12,46,Accenture,0
6.01,60,47,65,53,64,48,18,96,Wipro,0
8.32,55,52,60,52,64,60,20,43,TCS,0
6.07,46,45,41,35,43,33,14,48,Deloitte,0
7.11,48,53,60,48,54,63,18,70,Infosys,0
6.91,68,47,56,48,64,54,18,81,Capgemini,0
6.07,57,64,65,50,51,62,19,98,Cognizant,0
8.65,69,62,65,65,77,73,32,67,Cognizant,0
6.42,60,64,43,55,47,48,11,94,Capgemini,0
5.27,52,47,56,46,67,40,25,71,Wipro,0
9.67,73,67,60,69,74,74,18,64,Deloitte,0
5.36,58,59,75,76,67,60,47,44,Capgemini,0
7.51,76,59,70,74,69,64,36,67,Cognizant,0
9.6,64,70,72,71,74,61,19,74,Accenture,0
8.65,58,75,51,65,54,64,25,43,Capgemini,0
8.7,60,62,45,65,59,60,17,40,Capgemini,0
6.3,66,72,64,53,73,54,33,48,Accenture,0
6.36,52,50,34,46,46,45,14,56,Cognizant,0
5.83,55,62,52,42,59,35,20,56,Deloitte,0
9.31,65,62,54,74,77,64,25,42,Capgemini,0
8.7,70,71,77,69,66,68,36,54,Cognizant,0
8.37,48,54,40,52,66,60,13,51,Deloitte,0
9.22,70,55,59,71,67,70,30,45,Accenture,0
6.84,83,84,76,83,71,86,41,89,TCS,1
6.16,73,77,75,56,72,72,32,80,Capgemini,0
6.54,68,56,68,68,52,51,23,73,TCS,0
9.61,90,82,95,77,78,74,43,66,Deloitte,0
6.97,71,85,68,76,91,88,47,76,Accenture,0
8.5,69,62,78,62,79,57,30,60,TCS,0
5.82,64,67,75,60,64,58,39,60,TCS,0
5.45,67,66,53,70,57,66,29,92,Wipro,0
6.98,50,64,44,63,66,53,13,83,Cognizant,0
6.25,71,54,50,72,79,53,39,46,Deloitte,0
7.0,90,90,79,94,78,74,50,100,Capgemini,1
7.22,60,62,45,43,53,41,18,45,Cognizant,0
7.17,61,76,60,65,65,62,35,71,Infosys,0
5.17,70,69,70,76,67,67,49,79,Infosys,0
7.1,76,82,78,83,83,67,43,55,Cognizant,1
8.91,82,75,72,71,85,66,32,98,Deloitte,0
8.89,73,65,68,74,78,51,13,91,Capgemini,0
6.21,84,85,82,87,82,88,44,92,Accenture,1
6.77,48,48,57,51,58,56,21,51,Wipro,0
9.74,86,76,95,93,87,78,46,49,Accenture,1
5.19,43,27,38,38,47,47,13,54,Wipro,0
8.58,57,69,74,72,78,73,30,43,TCS,0
6.87,62,64,59,64,84,75,35,77,Accenture,0
8.25,76,72,75,72,62,66,21,85,Infosys,0
6.89,53,44,62,61,70,63,28,48,Cognizant,0
5.16,79,85,61,72,84,59,48,60,Capgemini,1
5.39,52,70,46,63,65,66,32,60,Accenture,0
5.06,53,45,54,54,40,45,23,55,Accenture,0
9.85,90,77,76,88,92,81,36,71,Deloitte,0
8.44,54,73,55,59,77,50,20,68,Infosys,0
9.44,62,84,80,67,85,78,20,86,Capgemini,1
5.15,59,41,39,46,46,54,20,78,Capgemini,0
9.63,88,78,72,82,88,82,44,56,TCS,1
6.8,61,70,65,59,56,55,37,45,Wipro,0
9.89,82,98,87,98,86,91,40,94,Accenture,1
5.92,57,49,59,58,74,62,34,63,Infosys,0
8.76,60,66,52,61,52,43,16,45,Accenture,0
9.09,83,93,79,74,77,74,36,74,Deloitte,0
8.57,91,92,85,85,76,87,42,76,Infosys,1
9.75,71,54,61,75,66,75,20,53,Capgemini,0
5.74,68,79,77,64,76,71,48,56,Deloitte,0
6.38,83,84,76,76,76,71,39,98,Infosys,1
7.83,95,74,74,92,96,93,47,88,Wipro,1
9.39,74,73,67,64,71,71,26,64,Capgemini,0
8.47,64,51,47,61,69,63,12,65,TCS,0
6.69,57,61,64,53,73,50,29,59,Capgemini,0
7.22,68,67,51,63,77,59,30,57,Accenture,0
8.8,71,88,66,84,80,84,33,92,Cognizant,1
9.4,50,66,62,51,58,64,11,51,Capgemini,0
6.0,68,65,76,72,64,66,33,92,Accenture,0
5.89,71,66,76,66,81,58,40,77,TCS,0
6.93,63,76,68,65,69,54,20,94,Accenture,0
7.57,60,56,52,42,48,57,10,70,Wipro,0
8.56,77,79,65,63,66,67,27,67,Cognizant,0
6.99,48,53,54,46,54,48,16,40,Wipro,0
8.42,71,67,67,70,80,83,40,44,Capgemini,0
6.49,61,67,60,61,60,57,19,73,Capgemini,0
5.7,47,41,55,45,56,47,11,81,Cognizant,0
9.08,82,83,79,77,91,72,31,86,Wipro,1
9.23,78,82,86,87,87,90,45,51,Capgemini,1
9.5,57,68,53,66,59,52,15,54,Wipro,0
7.32,47,60,56,59,58,46,17,70,TCS,0
9.34,75,65,85,71,74,74,34,73,Cognizant,0
9.46,75,85,83,78,84,68,39,49,Capgemini,1
5.29,57,71,62,56,72,67,38,57,Infosys,0
8.07,83,99,80,76,80,80,50,67,TCS,1
9.46,72,67,85,77,94,75,43,52,TCS,1
6.92,70,86,69,72,85,76,47,59,Wipro,1
7.17,65,54,59,48,67,60,18,61,TCS,0
6.14,54,52,38,46,55,35,18,53,Capgemini,0
6.28,67,90,77,79,66,78,44,79,Accenture,0
7.22,52,63,47,61,47,53,17,75,TCS,0
8.31,72,59,76,62,78,58,27,79,TCS,0
8.92,81,87,84,88,77,74,41,52,Infosys,1
5.2,67,86,66,63,79,80,41,98,Deloitte,0
7.87,83,82,60,78,86,75,41,49,Accenture,0
9.94,72,61,62,64,70,78,28,56,Wipro,0
7.13,58,63,36,44,57,44,17,46,Accenture,0
9.78,84,76,73,72,79,76,27,96,Deloitte,0
6.93,76,89,67,70,86,87,40,91,Deloitte,0
5.8,73,80,73,65,71,65,36,98,TCS,1
9.31,74,54,60,56,62,58,18,70,Capgemini,0
9.34,94,96,80,98,100,87,43,89,Capgemini,1
8.5,63,52,53,63,59,66,16,67,Cognizant,0
9.46,75,98,83,85,88,74,49,43,Deloitte,1
7.46,71,48,52,64,62,52,25,61,Accenture,0
7.22,71,79,72,88,87,64,46,68,Accenture,0
7.06,69,66,79,81,76,76,45,75,Infosys,0
8.27,81,94,89,91,82,88,39,100,Cognizant,1
7.37,71,60,74,62,71,73,33,85,Deloitte,0
6.46,76,59,61,65,80,75,43,63,TCS,0
6.27,45,63,43,59,47,46,22,52,Deloitte,0
7.07,90,75,94,86,91,84,50,93,Accenture,1
5.02,54,55,42,45,58,34,13,75,Cognizant,0
5.87,44,50,54,47,46,56,18,46,Capgemini,0
8.81,79,83,66,62,70,72,27,65,Capgemini,1
7.56,81,92,84,79,80,88,45,95,Capgemini,1
6.73,61,72,55,62,56,46,18,85,Wipro,0
7.81,92,90,85,91,87,90,47,76,Accenture,1
9.04,70,69,81,73,88,68,43,46,Wipro,1
8.42,58,76,57,68,66,63,19,93,Cognizant,0
9.34,86,96,87,92,100,94,45,95,Capgemini,1
8.32,71,81,75,82,64,76,34,64,Infosys,1
8.1,75,85,84,78,86,84,38,93,Infosys,1
8.88,63,79,51,73,73,52,22,58,TCS,0
7.14,68,78,67,72,83,64,45,56,Infosys,0
9.64,91,89,91,81,95,84,48,43,TCS,1
8.92,68,64,60,74,74,72,30,73,TCS,0
6.75,58,57,52,66,65,71,23,82,Deloitte,0
8.76,55,50,60,54,57,61,10,47,Capgemini,0
9.43,90,72,75,88,75,82,34,98,Deloitte,0
6.87,74,68,75,71,66,62,42,68,Deloitte,0
7.69,46,59,59,62,55,42,10,80,Cognizant,0
9.14,88,69,84,72,90,68,37,81,TCS,1
5.27,48,66,64,55,58,51,26,75,Wipro,0
5.08,38,55,35,53,39,54,17,74,Wipro,0
9.64,68,57,50,68,63,57,16,58,Capgemini,0
5.15,45,58,56,58,48,52,20,74,Wipro,0
8.39,70,91,68,70,84,74,33,100,Cognizant,1
9.73,77,84,66,70,78,70,29,53,Infosys,1
5.92,76,69,83,82,72,85,49,93,Cognizant,1
7.31,69,61,61,78,76,67,45,44,Infosys,0
8.36,58,49,52,62,60,64,25,46,Capgemini,0
7.92,80,78,79,73,79,74,46,76,Capgemini,1
8.2,70,78,66,72,74,77,27,93,Accenture,0
7.76,66,74,70,56,67,55,21,81,Capgemini,0
5.38,42,52,37,53,52,51,14,97,TCS,0
7.76,95,84,90,82,81,89,44,97,Capgemini,1
9.29,65,53,59,55,61,74,18,69,Cognizant,0
8.42,75,67,85,80,91,80,42,48,Accenture,0
9.7,64,51,50,53,65,57,12,54,Deloitte,0
6.81,77,65,88,75,86,76,40,98,Deloitte,0
6.37,62,51,63,58,68,67,26,77,Cognizant,0
6.26,56,68,52,64,71,44,24,73,Infosys,0
7.2,57,50,45,49,61,62,24,44,Capgemini,0
6.15,58,71,63,68,72,61,31,86,Infosys,0
5.22,66,76,59,74,64,64,46,77,Infosys,0
7.58,83,78,80,78,84,82,35,78,Infosys,1
7.25,79,71,75,72,84,84,40,95,Cognizant,1
8.3,68,59,60,65,59,58,26,50,TCS,0
5.08,81,79,79,75,68,81,43,95,Cognizant,1
5.2,75,58,71,78,73,55,44,72,Deloitte,0
8.39,76,89,80,76,91,74,37,73,Deloitte,0
6.91,88,91,85,75,76,80,47,91,Infosys,1
9.55,63,63,53,51,70,46,15,58,Cognizant,0
5.59,46,48,36,40,37,44,10,64,Wipro,0
6.31,75,77,83,71,68,72,44,67,Cognizant,1
7.41,72,63,63,67,78,74,33,75,Deloitte,0
9.32,62,76,77,60,70,72,17,87,Deloitte,0
7.75,49,55,56,57,53,51,13,50,TCS,0
5.32,44,39,47,62,58,51,24,63,Capgemini,0
9.82,75,59,67,59,80,77,13,100,Cognizant,0
6.43,55,53,44,46,44,44,12,90,TCS,0
9.88,68,58,57,64,65,66,15,57,TCS,0
9.6,90,87,85,82,96,76,45,58,Infosys,1
7.27,62,62,69,73,74,65,35,76,TCS,0
9.01,76,84,67,74,75,73,26,96,Infosys,1
8.79,82,85,68,75,74,83,39,83,Infosys,1
8.38,67,84,68,61,81,62,24,91,TCS,1
6.99,62,51,54,55,65,51,31,44,Capgemini,0
8.42,70,57,56,60,61,71,22,71,Deloitte,0
8.09,57,77,67,68,70,69,19,89,Cognizant,0
9.79,86,83,93,91,95,81,40,63,Deloitte,1
9.58,67,75,59,78,74,71,27,65,Cognizant,0
6.74,67,63,54,61,47,47,21,69,Cognizant,0
5.5,71,54,55,59,78,57,33,79,Infosys,0
7.49,65,57,67,57,56,49,23,66,Cognizant,0
8.43,59,55,59,61,57,72,16,86,Infosys,0
7.36,46,36,54,50,50,40,10,51,Accenture,0
6.5,82,77,83,72,91,77,45,94,Capgemini,1
5.48,55,59,66,53,48,45,31,56,Deloitte,0
8.4,83,86,80,91,79,75,48,52,Cognizant,1
7.44,70,82,75,88,91,80,38,96,Wipro,1
7.11,80,95,69,79,80,84,49,76,Capgemini,1
6.34,72,73,73,69,67,61,35,57,Infosys,0
5.92,46,46,50,46,34,31,11,48,TCS,0
5.48,59,77,67,78,61,69,40,75,TCS,0
8.27,66,79,68,64,75,61,34,59,TCS,1
8.32,75,90,74,71,77,85,30,95,Capgemini,1
7.7,83,91,90,82,89,82,47,78,Wipro,1
7.41,58,61,62,60,57,65,24,91,Deloitte,0
9.24,73,59,82,83,76,59,32,58,Accenture,0
8.99,91,86,74,92,86,76,48,54,Capgemini,1
8.69,78,73,76,75,89,88,34,93,Deloitte,0
8.47,70,68,58,60,58,55,27,58,TCS,0
8.18,80,89,75,75,76,83,49,68,Infosys,1
9.86,65,71,58,65,63,63,28,57,Accenture,0
6.56,70,80,64,78,85,58,41,63,Deloitte,0
6.96,70,88,68,74,67,86,44,70,Capgemini,1
6.24,71,52,62,71,69,75,38,55,Accenture,0
6.95,67,74,56,79,73,62,29,99,Capgemini,0
6.49,62,76,80,66,72,56,33,96,Deloitte,0
6.38,57,37,38,57,54,52,17,65,Wipro,0
8.85,65,70,58,74,74,51,25,50,Wipro,0
8.22,78,85,78,87,92,79,44,90,Accenture,1
8.67,57,67,51,51,67,59,11,84,Cognizant,0
8.49,60,62,70,62,77,74,22,76,Cognizant,0
5.8,66,76,65,66,76,65,43,49,Capgemini,0
5.93,55,56,39,52,54,46,11,79,Accenture,0
5.95,75,77,67,77,67,72,41,89,TCS,1
5.22,52,36,42,37,49,51,18,51,Capgemini,0
7.45,87,72,76,90,76,93,49,84,Capgemini,1
7.46,61,42,54,64,56,49,15,69,Capgemini,0
5.29,72,78,77,63,67,69,49,57,TCS,1
8.63,76,83,73,85,76,86,44,64,Accenture,0
8.73,87,88,91,97,84,79,50,76,Accenture,1
7.52,70,59,54,57,75,53,20,74,Wipro,0
7.06,88,76,72,82,81,80,50,67,Capgemini,1
6.27,78,54,54,64,59,57,38,68,Wipro,0
5.03,57,35,55,53,46,48,24,53,Cognizant,0
7.85,69,76,66,73,90,69,46,49,Wipro,1
9.06,61,75,66,67,73,52,15,76,Deloitte,0
9.5,100,96,85,97,97,80,46,92,TCS,1
9.61,83,73,83,68,84,79,31,62,Deloitte,0
8.01,61,52,48,46,59,44,10,80,Cognizant,0
8.49,61,72,67,62,62,45,19,43,Accenture,0
6.45,56,51,62,54,63,50,35,49,Cognizant,0
7.17,53,62,57,63,55,61,18,88,Capgemini,0
7.62,54,57,61,60,52,54,25,44,Wipro,0
6.74,65,49,55,73,68,73,30,62,Accenture,0
8.12,79,63,73,64,79,58,38,42,Capgemini,0
5.27,73,90,72,76,90,72,49,99,Accenture,1
5.11,57,47,54,51,58,59,23,87,Infosys,0
8.48,57,60,41,48,52,60,11,64,Cognizant,0
6.36,81,59,74,76,85,66,39,81,TCS,1
5.1,67,58,61,66,60,58,34,54,TCS,0
5.93,72,77,57,79,68,68,42,69,Capgemini,0
5.79,62,69,56,74,67,70,32,83,Capgemini,0
6.29,81,86,80,80,67,65,34,96,Accenture,1
8.28,59,76,62,64,58,53,15,86,Infosys,0
7.13,73,69,59,74,75,73,29,98,Infosys,0
9.31,81,77,65,87,91,65,29,84,Cognizant,1
9.59,72,84,59,67,83,74,30,44,Deloitte,0
6.59,64,75,73,71,76,57,36,66,Infosys,0
5.53,52,50,38,48,42,37,21,41,Capgemini,0
5.13,54,38,55,48,55,38,15,84,Accenture,0
7.46,48,40,58,44,50,49,18,50,Capgemini,0
8.36,62,58,77,67,74,70,22,88,Deloitte,0
7.29,60,48,65,60,60,62,25,67,Capgemini,0
7.86,84,87,67,73,82,88,44,73,Infosys,1
7.59,66,72,79,85,70,71,35,87,Wipro,1
8.87,65,65,79,75,84,68,28,69,Capgemini,0
7.26,65,74,79,72,71,65,42,47,TCS,1
5.89,84,71,76,75,87,88,47,97,Deloitte,0
5.82,38,44,39,46,45,50,17,45,Cognizant,0
8.06,62,47,50,57,72,67,20,64,Infosys,0
9.34,76,69,64,77,73,72,21,89,TCS,1
9.49,66,56,60,70,67,48,22,40,Accenture,0
6.19,78,76,65,80,74,77,47,82,Cognizant,1
8.14,53,46,53,52,50,59,23,43,Cognizant,0
6.49,38,61,35,42,53,49,15,43,Cognizant,0
8.94,71,62,52,71,64,73,21,69,Deloitte,0
5.34,70,63,57,73,66,67,37,93,Cognizant,0
6.05,49,60,67,58,50,61,23,79,Cognizant,0
9.67,76,68,72,84,73,62,28,67,Cognizant,0
7.48,83,74,84,88,98,69,50,71,TCS,1
7.32,67,69,70,58,58,59,17,87,Capgemini,0
6.06,78,67,61,70,78,78,50,52,TCS,1
8.43,76,74,57,65,69,64,31,65,Capgemini,0
7.4,70,68,68,79,91,87,40,91,Accenture,0
8.92,89,94,76,88,82,82,36,99,Infosys,1
7.89,82,83,61,67,85,68,31,91,Accenture,0
8.13,65,54,51,69,61,70,20,76,Capgemini,0
5.16,58,50,54,67,53,50,36,45,TCS,0
6.87,48,42,52,60,67,43,12,89,Wipro,0
9.62,90,73,91,91,98,86,43,59,Infosys,1
6.03,45,58,35,43,38,53,12,69,Deloitte,0
5.44,63,72,73,68,76,64,39,96,Infosys,0
6.6,51,50,51,47,49,47,22,58,TCS,0
9.79,81,90,88,84,100,94,45,72,Cognizant,1
6.22,50,43,43,40,49,49,14,59,TCS,0
6.92,50,59,60,55,60,49,15,67,Wipro,0
6.56,66,70,47,69,69,60,22,85,TCS,0
9.06,75,82,79,75,72,67,39,46,Deloitte,0
9.48,75,68,86,74,89,71,26,98,Accenture,0
5.15,59,60,51,67,67,50,40,47,TCS,0
7.03,54,40,45,52,57,43,16,60,Infosys,0
7.74,67,67,78,74,90,74,40,64,Wipro,1
7.72,64,48,69,62,63,60,25,51,Accenture,0
6.63,56,51,52,59,64,57,16,92,Deloitte,0
6.89,79,64,81,84,89,77,41,81,TCS,1
8.79,64,60,63,57,70,56,19,68,Cognizant,0
8.97,87,76,88,75,70,63,29,98,Cognizant,1
7.02,57,57,60,52,68,66,18,94,Wipro,0
5.55,54,61,63,66,71,58,28,95,Accenture,0
7.73,54,63,67,58,62,53,21,70,Deloitte,0
8.35,47,41,58,55,56,65,18,40,TCS,0
5.69,69,79,70,69,65,68,36,95,Cognizant,0
9.1,70,73,61,75,84,78,34,62,Wipro,1
7.05,75,92,77,82,71,75,44,76,Capgemini,1
5.4,84,83,71,66,87,62,43,94,Accenture,0
8.15,63,69,53,51,58,64,14,83,Accenture,0
7.27,80,73,85,82,73,62,40,76,Cognizant,1
8.75,74,82,72,74,97,88,46,56,Cognizant,1
5.14,54,49,66,57,67,54,41,45,Wipro,0
5.07,42,52,38,48,59,41,17,78,Capgemini,0
6.18,60,45,69,69,64,65,21,91,Deloitte,0
7.48,74,81,79,69,80,82,36,89,TCS,1
8.21,48,52,47,59,63,53,17,43,Accenture,0
8.42,70,75,70,70,84,69,34,70,Wipro,1
9.81,66,62,66,56,70,64,12,46,Wipro,0
6.35,52,46,53,54,57,49,16,56,Infosys,0
7.6,60,64,64,49,51,46,21,60,Accenture,0
6.76,54,46,47,69,67,66,28,56,Cognizant,0
8.19,62,44,56,63,59,64,17,45,TCS,0
8.48,65,79,67,74,63,61,26,58,Capgemini,0
8.85,63,57,75,68,68,57,30,56,Deloitte,0
6.32,64,77,64,58,66,53,38,44,Deloitte,0
7.16,76,82,75,74,75,87,49,81,Deloitte,0
7.23,74,56,57,69,65,64,41,49,Accenture,0
7.87,90,81,77,88,91,86,42,85,Cognizant,1
6.13,74,67,67,77,67,70,34,84,Accenture,0
5.28,46,59,32,44,54,46,15,63,Infosys,0
7.77,68,80,82,77,73,61,34,82,Capgemini,1
7.19,46,41,65,50,55,60,22,48,Capgemini,0
6.54,86,93,65,76,78,82,44,93,Accenture,1
5.59,79,81,68,75,66,57,43,69,Capgemini,1
5.71,53,49,36,48,35,46,11,70,Wipro,0
9.1,65,73,49,69,55,62,16,69,Cognizant,0
6.1,52,65,58,53,48,57,22,67,Cognizant,0
5.69,49,48,45,54,67,47,23,88,Wipro,0
7.77,80,58,59,79,77,76,38,55,TCS,0
9.4,47,70,60,59,54,59,15,40,Deloitte,0
8.86,53,53,56,55,54,62,18,53,Cognizant,0
5.9,81,76,76,69,62,63,41,79,TCS,1
9.93,65,76,66,62,77,69,16,79,Wipro,0
5.27,45,62,60,52,46,60,17,90,TCS,0
8.22,64,60,71,71,56,69,28,53,Cognizant,0
5.88,46,33,37,45,51,41,11,71,Capgemini,0
8.38,73,63,55,73,80,62,30,54,Infosys,0
5.37,64,71,63,75,67,67,47,71,Accenture,0
8.6,96,77,74,90,78,75,50,62,Deloitte,0
7.33,73,59,60,61,77,76,36,50,Infosys,0
7.89,80,83,84,93,81,83,45,94,Accenture,1
6.4,80,65,68,67,85,81,37,87,Cognizant,0
9.49,65,74,79,65,78,72,36,42,Deloitte,0
8.48,60,47,64,64,60,50,16,68,Wipro,0
6.48,45,40,48,53,54,31,15,41,Accenture,0
7.32,66,53,69,65,70,47,18,95,Capgemini,0
5.35,51,58,52,69,64,65,31,73,Deloitte,0
8.42,88,100,89,100,91,78,49,96,Accenture,1
6.83,72,65,73,66,82,65,49,42,Wipro,0
6.19,54,67,54,63,49,58,17,81,Infosys,0
6.6,66,55,48,59,64,60,27,72,TCS,0
7.35,87,93,77,78,88,83,44,83,TCS,1
5.94,55,75,56,73,56,55,39,45,Capgemini,0
5.74,51,70,42,55,64,65,19,95,Accenture,0
6.73,77,68,61,82,70,83,38,87,Capgemini,0
6.68,79,85,73,79,79,75,47,61,Accenture,1
6.52,65,50,51,59,74,64,18,97,TCS,0
5.74,68,62,48,59,53,48,28,69,Capgemini,0
8.46,53,45,51,51,55,48,19,50,Cognizant,0
8.54,63,69,79,71,63,56,30,62,Accenture,0
8.84,82,71,89,95,84,88,39,99,Accenture,1
9.48,84,93,98,89,98,94,46,82,TCS,1
5.7,64,65,74,67,60,54,45,47,Capgemini,0
5.98,74,77,59,60,80,71,43,54,TCS,1
9.88,77,81,75,69,84,72,35,52,Capgemini,1
9.27,73,69,70,85,88,63,33,64,Capgemini,0
9.44,83,74,87,92,92,80,36,91,Deloitte,0
7.94,47,52,60,63,45,62,15,49,Deloitte,0
6.88,51,41,38,47,52,56,10,66,Infosys,0
5.93,63,48,68,69,60,61,34,58,Accenture,0
6.12,37,55,48,41,48,49,10,49,Accenture,0
5.9,44,45,61,43,60,51,25,41,Cognizant,0
7.18,69,79,70,62,73,50,26,80,Wipro,1
5.81,39,54,31,36,40,38,13,49,Wipro,0
5.24,60,45,47,60,67,57,28,73,Infosys,0
7.72,80,82,65,77,72,71,30,92,Wipro,1
9.12,54,50,51,50,66,41,10,48,Infosys,0
7.52,73,69,71,66,68,64,22,90,Deloitte,0
9.01,86,67,66,68,77,80,36,69,Infosys,0
9.09,94,84,92,79,99,79,48,73,Deloitte,1
8.47,57,53,51,68,74,51,24,59,Deloitte,0
7.42,61,53,69,69,69,75,37,42,TCS,0
5.33,38,35,46,48,41,48,10,88,TCS,0
5.45,64,58,69,69,68,61,27,100,TCS,0
5.5,67,68,66,72,89,75,47,88,Capgemini,0
5.49,60,66,54,61,60,68,23,98,Infosys,0
9.17,71,69,65,86,70,65,34,67,Infosys,0
7.48,69,79,60,73,72,69,33,85,Capgemini,0
6.56,68,61,73,61,59,73,38,54,Accenture,0
9.7,65,80,77,73,78,77,33,51,TCS,1
5.72,69,55,75,77,59,77,35,84,Wipro,0
6.0,56,59,58,66,70,61,35,47,Deloitte,0
8.95,75,79,71,75,73,80,35,62,TCS,1
5.61,64,82,55,74,80,66,41,71,TCS,1
9.86,85,71,82,74,74,86,34,78,Deloitte,0
7.46,67,71,69,72,81,69,39,52,TCS,1
9.76,69,50,58,69,63,47,12,67,Infosys,0
7.78,77,73,61,77,75,61,29,96,Capgemini,0
7.45,83,81,81,75,73,73,45,83,Cognizant,1
9.85,92,100,88,85,86,100,49,83,Wipro,1
9.05,87,85,76,80,96,77,47,41,TCS,1
8.31,67,67,71,55,61,57,25,55,TCS,0
7.69,57,51,52,52,44,50,12,69,TCS,0
9.93,79,84,87,74,88,75,34,76,Cognizant,1
9.06,73,66,66,70,82,75,31,50,Deloitte,0
9.25,62,60,66,73,72,75,23,58,Capgemini,0
9.22,61,52,70,64,60,69,16,77,Capgemini,0
9.12,84,93,81,86,84,86,42,91,Capgemini,1
8.82,61,77,77,72,66,80,21,96,Capgemini,0
9.69,82,89,86,88,93,83,27,99,TCS,1
7.61,63,60,72,66,71,63,33,69,Deloitte,0
9.56,95,81,81,82,96,79,50,53,Infosys,1
5.57,42,57,44,49,48,49,22,41,TCS,0
6.01,45,63,47,56,61,41,27,48,Capgemini,0
7.43,54,34,47,54,59,42,11,43,Wipro,0
8.36,67,65,46,50,66,66,15,65,Cognizant,0
8.32,96,91,88,82,95,95,47,100,Wipro,1
6.65,79,89,72,80,75,70,47,87,Wipro,1
7.2,70,68,62,77,66,64,26,95,Capgemini,0
6.23,71,55,62,63,63,66,27,96,Cognizant,0
5.17,56,53,39,45,53,50,13,84,Deloitte,0
8.43,82,86,73,97,100,95,44,95,Wipro,1
5.45,47,65,61,56,65,57,25,59,Accenture,0
8.95,68,84,73,81,89,69,27,95,Accenture,0
9.38,61,61,55,67,76,67,16,92,Wipro,0
7.27,46,59,56,61,48,50,11,88,Capgemini,0
6.53,64,64,74,77,78,60,46,45,Cognizant,0
8.43,70,78,62,75,81,76,30,68,Infosys,0
5.42,56,54,64,59,48,43,33,51,Cognizant,0
8.24,91,97,73,87,77,78,50,54,Accenture,1
8.0,65,46,55,46,59,60,19,45,Accenture,0
9.14,73,69,87,85,75,82,41,47,Accenture,0
5.65,50,66,59,50,51,61,23,78,TCS,0
6.45,59,69,51,61,59,42,26,55,Infosys,0
9.36,76,78,77,83,73,80,35,83,TCS,1
6.66,68,75,69,69,65,64,25,70,TCS,1
5.03,67,83,71,62,81,55,42,79,Infosys,0
6.3,81,84,61,69,76,61,42,71,TCS,1
6.57,62,64,58,63,51,61,18,71,Cognizant,0
9.15,68,83,64,81,81,60,26,73,Deloitte,0
9.61,95,87,83,90,98,85,50,91,Accenture,1
7.18,68,84,68,69,62,72,41,42,Infosys,0
5.62,52,35,34,45,41,52,15,53,Cognizant,0
6.06,52,37,54,41,49,34,10,73,Wipro,0
5.13,44,59,34,43,37,43,17,65,Capgemini,0
8.3,89,83,65,89,86,89,39,80,Wipro,1
9.74,79,71,86,81,76,72,46,48,Cognizant,1
6.91,60,80,73,58,78,55,35,56,Deloitte,0
7.01,48,61,56,61,65,52,19,47,Wipro,0
8.33,68,72,68,69,79,61,33,72,Accenture,0
9.05,84,83,71,82,87,76,49,51,Capgemini,1
8.57,84,82,73,80,94,78,41,73,Infosys,1
9.92,76,79,80,82,94,79,29,93,Cognizant,1
7.12,58,57,46,50,47,52,16,69,TCS,0
8.7,81,86,62,74,83,69,39,51,Capgemini,1
7.27,81,70,83,81,70,62,38,79,Cognizant,1
6.3,52,36,39,44,53,53,16,67,Deloitte,0
8.29,88,92,98,85,95,91,48,86,Accenture,1
9.02,50,48,63,61,52,43,15,48,Accenture,0
8.24,73,77,64,58,75,55,25,67,Accenture,0
5.11,48,61,64,55,67,55,20,97,Infosys,0
6.47,59,50,68,61,62,59,35,43,Cognizant,0
7.98,70,76,77,84,92,87,45,58,Deloitte,0
7.44,45,57,53,50,60,61,13,73,TCS,0
7.47,73,54,61,62,67,59,32,68,Infosys,0
7.94,78,86,77,68,73,78,31,98,Accenture,0
9.17,80,95,70,75,88,68,33,90,Accenture,1
5.65,52,38,45,60,47,40,22,50,TCS,0
10.0,80,90,74,91,87,89,32,96,Wipro,1
7.15,71,70,70,75,77,64,49,54,Cognizant,0
6.34,63,59,61,63,72,55,19,94,Accenture,0
9.81,67,65,68,54,66,59,17,46,Infosys,0
8.15,67,77,73,75,73,77,23,98,Infosys,0
8.24,68,86,72,74,85,67,31,92,Deloitte,0
7.37,59,59,69,64,72,57,28,72,Deloitte,0
8.77,76,90,77,80,83,88,36,90,Deloitte,0
8.41,48,41,61,64,48,48,11,68,Deloitte,0
5.82,51,51,47,54,38,47,13,65,Capgemini,0
9.0,80,93,84,89,90,74,43,58,Wipro,1
5.04,61,73,63,60,56,59,27,97,Deloitte,0
8.09,76,88,80,85,91,66,38,84,Cognizant,1
6.67,65,49,43,56,58,59,18,73,Infosys,0
5.12,66,81,63,69,73,74,44,77,Deloitte,0
6.86,78,68,83,74,79,85,50,72,Accenture,0
6.69,69,67,67,73,71,71,25,91,Infosys,0
6.75,71,72,67,70,68,56,28,82,Wipro,0
7.58,71,64,54,64,66,53,22,92,Accenture,0
9.44,79,76,78,82,83,75,40,53,Wipro,1
7.92,95,90,93,89,85,74,50,67,Cognizant,1
5.64,72,63,61,67,64,49,39,48,Infosys,0
9.72,93,87,80,77,89,70,33,98,Infosys,1
5.59,54,57,62,51,62,44,29,63,Wipro,0
9.45,72,66,54,63,78,61,23,51,Cognizant,0
6.55,72,72,81,82,69,64,38,97,Capgemini,0
7.3,74,86,69,81,82,71,38,82,Infosys,1
9.5,68,82,73,73,69,66,31,74,TCS,1
7.86,72,73,56,78,73,73,29,75,Cognizant,0
7.61,84,65,85,70,67,81,40,72,Infosys,0
9.15,79,88,80,89,90,96,47,68,Wipro,1
7.19,72,60,57,58,58,54,36,41,Infosys,0
5.91,41,42,34,47,43,31,15,49,TCS,0
6.49,43,62,42,59,63,37,16,60,Infosys,0
8.76,83,91,78,75,75,80,47,55,Accenture,1
5.33,45,55,28,44,47,30,11,66,Deloitte,0
7.77,58,55,63,57,66,45,18,59,Cognizant,0
9.93,83,88,73,65,84,83,25,74,Cognizant,1
6.45,41,62,41,44,56,59,20,40,Deloitte,0
8.16,89,75,92,90,86,83,47,93,TCS,1
9.15,91,75,81,90,96,92,45,57,Capgemini,1
6.31,61,81,60,66,72,52,38,57,Capgemini,0
5.67,45,58,48,44,58,48,10,78,Deloitte,0
6.96,65,62,56,65,68,53,15,90,TCS,0
6.76,74,69,78,78,87,60,34,92,Wipro,1
9.68,71,62,69,85,76,64,38,40,Cognizant,0
8.13,72,76,48,62,70,62,24,54,TCS,0
5.98,69,70,74,70,71,80,50,65,Capgemini,0
8.41,71,69,67,75,84,71,46,51,Cognizant,0
8.64,73,52,75,70,71,68,27,52,Accenture,0
5.01,69,70,72,62,76,61,37,81,TCS,0
8.4,76,86,86,73,75,74,39,71,Accenture,1
6.58,61,76,69,74,60,66,35,52,TCS,0
9.58,62,52,66,56,66,51,22,50,Deloitte,0
8.13,70,64,66,72,67,69,31,93,Deloitte,0
6.18,55,51,41,52,46,63,14,89,TCS,0
6.89,49,69,52,52,62,43,14,90,Capgemini,0
5.28,50,40,43,41,54,47,13,58,Cognizant,0
5.05,67,72,61,57,74,65,34,69,Accenture,0
7.59,70,63,81,80,89,85,47,52,Infosys,0
8.19,64,72,62,60,75,52,26,62,Wipro,0
7.92,86,75,88,86,75,74,42,81,Wipro,1
6.46,50,53,34,48,59,54,10,73,Accenture,0
6.72,68,69,54,63,67,70,22,80,Cognizant,0
8.46,95,90,82,79,87,91,47,76,TCS,1
7.48,48,45,54,48,62,62,10,80,Wipro,0
9.04,71,83,59,64,72,72,34,53,Infosys,0
6.45,61,67,45,49,54,48,22,80,Wipro,0
8.59,79,68,63,84,90,63,31,94,Capgemini,0
5.69,57,42,39,54,55,57,17,61,Deloitte,0
9.99,92,77,95,81,83,87,37,96,Capgemini,1
6.87,88,71,65,81,74,77,48,67,Deloitte,0
5.74,54,44,39,51,56,48,25,43,Capgemini,0
5.41,74,58,69,76,77,69,40,90,Accenture,0
7.59,63,59,56,68,61,58,21,60,Capgemini,0
9.61,82,83,82,99,92,84,47,81,Accenture,1
7.86,70,58,56,67,67,68,33,56,Accenture,0
7.56,67,66,62,68,65,54,31,67,Accenture,0
6.17,56,42,45,49,40,40,14,62,Infosys,0
5.49,36,36,35,42,43,51,14,63,Capgemini,0
9.23,73,60,77,75,75,63,22,85,Deloitte,0
6.5,79,82,75,74,59,70,32,90,Deloitte,0
9.76,72,85,74,78,87,81,35,54,Capgemini,1
9.07,70,89,74,87,79,75,31,90,Deloitte,0
7.79,68,56,75,57,77,73,33,48,Wipro,0
6.13,75,78,72,66,75,69,37,83,TCS,1
9.61,83,75,78,81,77,68,19,100,Accenture,0
6.02,61,51,48,62,62,68,35,44,TCS,0
5.86,60,75,66,63,61,78,45,51,Wipro,0
6.03,63,61,57,53,61,70,28,82,Accenture,0
5.79,47,45,33,55,58,34,17,48,Infosys,0
6.55,70,81,67,68,75,60,40,50,TCS,1
9.96,85,82,70,75,83,76,38,44,Accenture,0
7.88,58,67,48,61,64,49,15,58,Deloitte,0
9.05,61,78,69,65,78,55,21,66,Cognizant,0
5.48,50,32,49,43,49,29,12,55,Capgemini,0
8.61,72,87,71,82,64,60,23,98,Deloitte,0
8.9,71,69,64,68,83,79,36,68,Accenture,0
6.91,68,60,65,78,67,76,35,94,Accenture,0
7.42,50,42,58,42,60,55,14,45,Infosys,0
9.19,77,73,87,77,91,69,48,46,Wipro,1
5.77,53,44,60,53,66,64,32,51,Deloitte,0
7.61,59,54,55,47,55,46,16,64,Infosys,0
6.87,49,55,67,54,52,59,25,52,Infosys,0
9.79,76,75,73,61,72,75,16,91,Wipro,1
7.81,58,65,73,57,59,58,22,79,Infosys,0
5.07,50,51,38,58,58,46,30,40,TCS,0
9.43,83,78,88,82,88,86,36,59,Cognizant,1
5.86,48,55,46,60,61,40,16,78,Infosys,0
8.18,78,62,60,83,76,73,30,94,Capgemini,0
6.16,89,71,79,87,76,82,47,85,Deloitte,0
6.22,38,45,35,42,51,36,15,43,Capgemini,0
7.99,87,68,72,85,70,84,38,87,Accenture,0
8.24,63,83,66,67,76,80,28,88,Capgemini,0
9.94,82,75,64,77,66,71,24,78,Infosys,0
5.26,50,43,56,62,69,47,19,100,TCS,0
7.13,64,62,67,73,69,70,39,59,Capgemini,0
6.01,74,60,59,64,65,65,40,45,Accenture,0
8.8,80,73,62,83,72,73,40,41,Cognizant,0
8.63,67,66,62,70,59,56,26,64,Accenture,0
5.98,39,49,52,49,62,58,22,40,Capgemini,0
6.87,74,74,67,62,85,66,41,59,Cognizant,0
5.81,69,71,57,68,69,58,37,56,TCS,0
8.25,74,79,88,77,87,65,37,87,Capgemini,1
8.23,68,74,60,71,83,75,26,78,TCS,1
5.58,54,47,53,60,42,58,15,81,Accenture,0
5.83,67,64,62,71,68,67,37,56,Deloitte,0
9.38,61,67,52,51,67,66,15,46,Accenture,0
8.5,58,37,38,55,55,53,10,50,Capgemini,0
7.15,51,47,55,58,50,57,21,63,Infosys,0
5.93,45,59,43,59,51,52,13,87,Cognizant,0
5.55,63,59,60,63,62,63,50,50,Accenture,0
8.36,45,61,39,55,68,41,16,40,Cognizant,0
8.96,79,92,70,78,87,78,34,78,Wipro,1
6.85,70,77,65,61,55,58,31,60,Wipro,0
9.03,65,54,63,66,48,45,10,69,Cognizant,0
6.4,57,63,64,58,64,43,25,63,Capgemini,0
9.79,74,82,80,76,78,62,30,41,Accenture,0
7.0,76,83,93,93,99,91,49,90,TCS,1
8.67,66,61,70,74,84,70,28,78,Infosys,0
7.49,60,68,63,53,66,62,15,59,Accenture,0
8.31,58,71,65,56,65,67,25,55,Infosys,0
9.65,79,75,84,85,95,83,30,97,Capgemini,1
5.68,78,61,76,81,87,78,44,80,Cognizant,0
5.32,67,66,62,61,68,68,31,64,Accenture,0
9.04,58,54,53,71,79,70,24,56,TCS,0
7.86,60,61,68,60,69,54,18,94,Accenture,0
9.9,78,86,86,81,86,71,30,89,Accenture,1
5.05,56,76,69,63,64,63,39,60,Infosys,0
8.74,56,60,62,55,71,59,12,78,Capgemini,0
9.14,85,77,90,77,91,71,41,58,Capgemini,1
9.67,79,87,79,81,82,67,24,84,Deloitte,0
8.3,58,52,59,67,66,52,20,41,Cognizant,0
8.63,82,79,72,65,71,78,28,84,Deloitte,0
9.03,76,75,69,72,85,63,29,69,Deloitte,0
8.74,60,57,57,65,49,64,10,63,Accenture,0
8.4,60,65,66,78,62,67,20,99,Wipro,0
7.97,67,55,51,61,60,62,19,80,Infosys,0
8.26,81,86,79,83,89,79,34,89,Wipro,1
8.16,65,64,63,78,88,66,38,63,Cognizant,0
7.86,77,89,87,75,84,83,46,70,Accenture,1
6.49,46,55,56,50,49,52,18,46,Accenture,0
7.78,90,83,82,86,92,89,44,90,TCS,1
8.77,77,60,69,63,73,74,23,82,TCS,0
5.2,71,55,59,73,60,56,46,53,Wipro,0
6.82,70,85,57,68,86,70,44,50,Deloitte,0
6.47,67,74,67,82,89,74,44,68,Cognizant,0
6.05,59,45,43,49,64,62,16,82,Cognizant,0
7.76,76,87,76,82,77,82,47,62,Infosys,1
7.0,55,57,62,60,51,63,15,100,Capgemini,0
8.48,65,73,74,70,69,57,22,85,Deloitte,0
7.17,48,46,51,56,53,46,11,78,TCS,0
6.81,65,80,60,60,69,79,31,89,Accenture,0
9.76,63,74,62,68,55,56,17,51,Cognizant,0
9.33,86,96,73,93,84,78,45,57,Capgemini,1
8.39,85,94,80,76,73,81,44,75,Infosys,1
8.29,62,54,69,63,60,65,19,64,Capgemini,0
8.04,72,69,70,69,87,71,39,51,Capgemini,0
9.41,71,56,61,74,79,69,24,59,TCS,0
8.65,58,44,48,65,66,41,15,50,Accenture,0
8.39,61,67,63,62,55,47,18,70,Infosys,0
9.55,61,64,56,73,69,71,10,85,Cognizant,0
8.42,57,48,67,64,71,48,12,78,Wipro,0
9.2,91,80,77,80,75,90,42,62,Infosys,1
9.16,57,55,52,66,66,52,17,58,Wipro,0
9.65,98,100,97,97,82,75,42,92,Accenture,1
6.64,51,73,51,58,53,58,32,46,TCS,0
7.65,51,58,47,62,54,53,19,66,Wipro,0
6.82,65,47,54,65,52,52,21,74,Accenture,0
5.03,40,33,41,51,59,36,22,47,Infosys,0
9.74,68,71,74,74,68,74,27,47,Accenture,0
7.51,59,55,52,59,69,71,34,48,Infosys,0
5.26,68,66,55,55,61,63,31,67,Infosys,0
8.09,71,84,82,86,72,81,42,51,Infosys,1
7.37,63,62,48,66,64,47,16,84,TCS,0
5.66,53,56,39,45,35,29,12,57,Accenture,0
7.62,75,79,67,79,72,69,50,54,Wipro,1
6.4,66,62,54,59,59,71,32,85,Infosys,0
6.43,69,64,58,66,65,54,27,98,Capgemini,0
5.07,81,69,77,71,83,72,45,89,Wipro,1
6.19,58,44,44,59,62,42,27,53,Capgemini,0
9.09,69,58,79,73,68,67,22,85,Deloitte,0
6.01,40,45,50,55,56,53,19,42,Cognizant,0
9.88,82,68,75,79,82,88,33,68,Deloitte,0
5.11,74,59,56,71,80,72,48,57,Capgemini,0
9.07,86,86,72,84,88,84,41,83,Accenture,1
7.0,53,50,50,64,72,64,27,53,Accenture,0
7.52,71,67,78,76,69,61,43,56,Infosys,0
6.46,84,68,63,83,66,85,50,49,Deloitte,0
6.05,48,49,55,42,59,52,17,40,Wipro,0
8.61,84,77,69,88,93,73,36,97,Wipro,1
5.88,50,58,55,48,55,49,11,74,Capgemini,0
6.29,83,72,77,77,76,81,50,80,Deloitte,0
8.76,58,70,58,71,56,53,19,68,Infosys,0
9.08,64,76,53,59,61,70,21,52,Deloitte,0
6.97,68,63,67,84,90,64,48,52,Cognizant,0
5.69,38,42,34,36,57,54,10,78,Infosys,0
6.24,41,52,33,57,62,36,15,57,Capgemini,0
9.09,51,66,66,65,56,55,15,52,Infosys,0
5.28,59,44,44,59,51,65,27,80,Accenture,0
5.71,44,46,44,45,63,52,24,41,Capgemini,0
9.42,58,53,53,74,64,65,17,71,TCS,0
6.8,49,48,54,55,53,54,15,97,Capgemini,0
8.44,87,100,83,91,90,82,49,92,Capgemini,1
8.99,71,52,64,59,62,65,10,95,Deloitte,0
9.88,61,73,52,51,74,49,14,47,Accenture,0
6.76,72,87,73,75,66,81,41,67,Infosys,1
6.92,78,77,76,72,69,80,45,71,Cognizant,1
7.89,59,63,57,74,66,64,24,84,Infosys,0
9.6,65,78,75,74,65,57,13,98,Deloitte,0
7.76,65,62,74,63,78,59,36,55,Capgemini,0
